{
    "Ar36": {
        "error": 0.00017721123029188694, 
        "filter_outliers_dict": {
            "filter_outliers": true, 
            "iterations": 1, 
            "std_devs": 2
        }, 
        "fit": "Parabolic", 
        "value": 0.004455519582633391
    }, 
    "Ar37": {
        "error": 0.005130227056008532, 
        "filter_outliers_dict": {
            "filter_outliers": true, 
            "iterations": 1, 
            "std_devs": 2
        }, 
        "fit": "linear", 
        "value": 0.028766276944170995
    }, 
    "Ar38": {
        "error": 0.0022674269784357277, 
        "filter_outliers_dict": {
            "filter_outliers": true, 
            "iterations": 1, 
            "std_devs": 2
        }, 
        "fit": "linear", 
        "value": -0.01387335097931459
    }, 
    "Ar39": {
        "error": 0.008931582363431993, 
        "filter_outliers_dict": {
            "filter_outliers": true, 
            "iterations": 1, 
            "std_devs": 2
        }, 
        "fit": "Parabolic", 
        "value": -0.020593753022526126
    }, 
    "Ar40": {
        "error": 0.006622047272639457, 
        "filter_outliers_dict": {
            "filter_outliers": true, 
            "iterations": 1, 
            "std_devs": 2
        }, 
        "fit": "Parabolic", 
        "value": 0.1763462104004642
    }, 
    "PM41": {
        "error": 0.06388112201688027, 
        "filter_outliers_dict": {
            "filter_outliers": false, 
            "iterations": 1, 
            "std_devs": 2
        }, 
        "fit": "linear", 
        "value": -0.16479683741036713
    }
}