{
    "Ar36": {
        "error": 0.0002025197408519099, 
        "filter_outliers_dict": {
            "filter_outliers": true, 
            "iterations": 1, 
            "std_devs": 2
        }, 
        "fit": "Parabolic", 
        "value": 0.008800283566037105
    }, 
    "Ar37": {
        "error": 0.005000472529160534, 
        "filter_outliers_dict": {
            "filter_outliers": true, 
            "iterations": 1, 
            "std_devs": 2
        }, 
        "fit": "linear", 
        "value": 0.5914540461937154
    }, 
    "Ar38": {
        "error": 0.0021535014181665057, 
        "filter_outliers_dict": {
            "filter_outliers": true, 
            "iterations": 1, 
            "std_devs": 2
        }, 
        "fit": "linear", 
        "value": 0.1294708649575727
    }, 
    "Ar39": {
        "error": 0.010046405914333556, 
        "filter_outliers_dict": {
            "filter_outliers": true, 
            "iterations": 1, 
            "std_devs": 2
        }, 
        "fit": "Parabolic", 
        "value": 11.309839511652706
    }, 
    "Ar40": {
        "error": 0.00949517085204103, 
        "filter_outliers_dict": {
            "filter_outliers": true, 
            "iterations": 1, 
            "std_devs": 2
        }, 
        "fit": "Parabolic", 
        "value": 23.486133135747792
    }, 
    "PM41": {
        "error": 0.06863344407295024, 
        "filter_outliers_dict": {
            "filter_outliers": false, 
            "iterations": 1, 
            "std_devs": 2
        }, 
        "fit": "linear", 
        "value": -0.18385972519021634
    }
}