{
    "Ar36": {
        "error": 0.0003407182040917653, 
        "filter_outliers_dict": {
            "filter_outliers": true, 
            "iterations": 1, 
            "std_devs": 2
        }, 
        "fit": "Parabolic", 
        "value": 0.028739697621990596
    }, 
    "Ar37": {
        "error": 0.005445470567735477, 
        "filter_outliers_dict": {
            "filter_outliers": true, 
            "iterations": 1, 
            "std_devs": 2
        }, 
        "fit": "linear", 
        "value": 0.012001514051409975
    }, 
    "Ar38": {
        "error": 0.002022987009467295, 
        "filter_outliers_dict": {
            "filter_outliers": true, 
            "iterations": 1, 
            "std_devs": 2
        }, 
        "fit": "linear", 
        "value": 0.842560490162542
    }, 
    "Ar39": {
        "error": 0.014848168710042901, 
        "filter_outliers_dict": {
            "filter_outliers": true, 
            "iterations": 1, 
            "std_devs": 2
        }, 
        "fit": "Parabolic", 
        "value": 66.49786633676385
    }, 
    "Ar40": {
        "error": 0.03619475276694837, 
        "filter_outliers_dict": {
            "filter_outliers": true, 
            "iterations": 1, 
            "std_devs": 2
        }, 
        "fit": "Parabolic", 
        "value": 828.5660342554544
    }, 
    "PM41": {
        "error": 0.06487638469135802, 
        "filter_outliers_dict": {
            "filter_outliers": false, 
            "iterations": 1, 
            "std_devs": 2
        }, 
        "fit": "linear", 
        "value": -0.14509248030130395
    }
}